Head,Tail,True_Relation,Model_Raw_Output,Parsed_Prediction
/m/0584j4n,/m/089fss,/people/person/profession,"**Reasoning:** The Head entity, Frank R. McKelvy, is described as an American set decorator who was nominated for Academy Awards in the category of Best Art Direction. The Tail entity describes the role and responsibilities of a set decorator, including their eligibility for the Academy Award for Best Art Direction. The connection between the Head and Tail is based on the profession of set decoration and the recognition through award nominations. The most relevant relation ID should reflect the connection between a person and their award nominations.

**Predicted Relation:** `/award/award_nominee/award_nominations./award/award_nomination/nominated_for`",/award/award_nominee/award_nominations./award/award_nomination/nominated_for
/m/02x258x,/m/019vhk,/award/award_category/nominees./award/award_nomination/nominated_for,"**Reasoning:**  
The Head entity is ""The Satellite Award for Best Cinematography,"" which is an award category. The Tail entity is ""Gangs of New York,"" which is a film. The task is to find a relation that connects an award category to a film. In the context of awards, a film can be nominated for or win an award in a specific category. The most relevant relation from the candidates that connects an award category to a film is one that involves nominations or awards won. 

**Predicted Relation:** /award/award_nominated_work/award_nominations./award/award_nomination/nominated_for",/award/award_nominated_work/award_nominations./award/award_nomination/nominated_for
/m/01vvydl,/m/05zppz,/people/person/gender,"**Reasoning:** The Head entity, /m/01vvydl, represents Dr. Dre, a well-known American record producer, rapper, and entrepreneur. The Tail entity, /m/05zppz, represents the concept of a male organism, which is a biological and physiological classification. The task is to find a relation that connects Dr. Dre to the concept of being male. The most relevant relation from the list that connects a person to their gender is `/people/person/gender`.

**Predicted Relation:** /people/person/gender",/people/person/gender
/m/01r42_g,/m/04n3l,/people/person/places_lived./people/place_lived/location,"**Reasoning:** The Head entity, Jamie-Lynn Sigler, is an American actress and singer, while the Tail entity, Long Island, is a geographical location in New York. The task is to find a relation that connects a person to a location, specifically one that might indicate a connection such as birthplace, residence, or origin. Given the context, Jamie-Lynn Sigler is known to have connections to Long Island, as she was born there. Therefore, the relation that best fits this connection is one that indicates the place of birth.

**Predicted Relation:** `/people/person/place_of_birth`",/people/person/place_of_birth
/m/0dc_ms,/m/09vw2b7,/film/film/other_crew./film/film_crew_gig/film_crew_role,"**Reasoning:**  
The Head entity, ""/m/0dc_ms"", represents the film ""Hellboy"", which is a 2004 American supernatural superhero film. The Tail entity, ""/m/09vw2b7"", represents a ""special effects supervisor"", a role involved in film production. The task is to find a relation that connects a film to a role or person involved in its production. Given the context, the most relevant relation would involve the film's production crew or team. The candidate relations include several film-related roles, but the one that directly connects a film to a crew member is `/film/film/other_crew./film/film_crew_gig/crewmember`, which is not listed. However, the closest available relation that involves film production roles is `/film/film/other_crew./film/film_crew_gig/film_crew_role`, which is also not listed. Therefore, the next best relation that connects a film to a production role is `/film/film/produced_by`, which is not listed either. Given the available options, the relation `/film/film/film_production_design_by` is the closest match, as it involves a production role, although not specifically for special effects.

**Predicted Relation:** `/film/film/film_production_design_by`",/film/film/film_production_design_by
/m/04l19_,/m/09c7w0,/people/person/nationality,"**Reasoning:** The Head entity, John Murphy, is a voice actor, which falls under the category of people and professions. The Tail entity, the United States of America, is a country. The task is to find a relation that connects a person (voice actor) to a country. The most relevant relation from the list that connects a person to a country is `/people/person/nationality`, which indicates the nationality of a person. This relation is appropriate because it connects a person to the country they are associated with, which is likely the case for a voice actor working in the United States.

**Predicted Relation:** `/people/person/nationality`",/people/person/nationality
/m/06qd3,/m/01fpfn,/location/country/form_of_government,"**Reasoning:** The Head entity, South Korea, is a country, and the Tail entity, unitary state, is a form of government. The task is to find a relation that connects a country to its form of government. The most relevant relation from the list that connects a country to its form of government is `/location/country/form_of_government`. This relation indicates the type of government a country has, which aligns with the context provided for both the Head and Tail entities.

**Predicted Relation:** `/location/country/form_of_government`",/location/country/form_of_government
/m/03tcnt,/m/018x3,/award/award_category/winners./award/award_honor/award_winner,"**Reasoning:** The Head entity is ""The Grammy Award for Best Rock Album,"" which is an award category, and the Tail entity is ""Brian Eno,"" who is a musician and producer. The task is to find a relation that connects an award category to a person who might have won or been nominated for that award. The most relevant relation from the candidates is one that involves award categories and their winners or nominees. The relation `/award/award_category/winners./award/award_honor/award_winner` is suitable as it connects an award category to its winners, which aligns with the context of the Grammy Award and a musician who could potentially be a winner.

**Predicted Relation:** `/award/award_category/winners./award/award_honor/award_winner`",/award/award_category/winners./award/award_honor/award_winner
/m/0hr3c8y,/m/0gmcwlb,/award/award_ceremony/awards_presented./award/award_honor/honored_for,"**Reasoning:** The Head entity is the ""18th Annual Screen Actors Guild Awards,"" which is an awards ceremony, and the Tail entity is ""The Artist,"" a film that was released in 2011 and received numerous accolades. The task is to find the correct relation that connects an awards ceremony to a film that was honored at the ceremony. The most appropriate relation would involve the film being recognized or winning an award at the ceremony. The candidate relations include options related to awards and nominations. The relation `/award/award_winning_work/awards_won./award/award_honor/award_winner` is suitable as it connects an award-winning work (the film) to the awards it won, which aligns with the context of the Screen Actors Guild Awards recognizing achievements in film.

**Predicted Relation:** /award/award_winning_work/awards_won./award/award_honor/award_winner",/award/award_winning_work/awards_won./award/award_honor/award_winner
/m/06cp5,/m/02k5sc,/music/genre/artists,"**Reasoning:** The Head entity, ""/m/06cp5"", represents the music genre ""Rapcore,"" which is a subgenre of rap rock. The Tail entity, ""/m/02k5sc"", represents the band ""Maroon 5,"" which is known for pop rock music. The task is to find a relation that connects a music genre to an artist or band. The most appropriate relation from the list that connects a music genre to artists or bands is ""/music/genre/artists,"" which indicates the artists associated with a particular music genre.

**Predicted Relation:** /music/genre/artists",/music/genre/artists
/m/07m9cm,/m/0fphf3v,/film/actor/film./film/performance/film,"**Reasoning:** The Head entity, Til Schweiger, is a German actor, director, and producer, and he runs his own production company, Barefoot Films. The Tail entity, ""New Year's Eve,"" is a 2011 romantic comedy film. The task is to find the correct relation ID that connects an actor/director/producer to a film. Based on the examples provided, the relation that connects an actor to a film is typically `/film/actor/film./film/performance/film`. However, since Til Schweiger is also a director and producer, the relation `/film/film/produced_by` is more appropriate, as it directly connects a film to its producer.

**Predicted Relation:** `/film/film/produced_by`",/film/film/produced_by
/m/09wnnb,/m/01t6b4,/film/film/produced_by,"**Reasoning:** The Head entity is ""National Treasure: Book of Secrets,"" which is a film, and the Tail entity is ""Jerry Bruckheimer,"" who is a film and television producer. The task is to find the correct relation that connects a film to its producer. The most appropriate relation from the list that connects a film to its producer is `/film/film/produced_by`, which directly indicates the production relationship between a film and its producer.

**Predicted Relation:** /film/film/produced_by",/film/film/produced_by
/m/0162b,/m/07t65,/organization/organization_member/member_of./organization/organization_membership/organization,"**Reasoning:**  
The Head entity is Bangladesh, a country, and the Tail entity is the United Nations, an international organization. The task is to find a relation that connects a country to an international organization, specifically in the context of membership. The most relevant relation would involve the membership of a country in an international organization. The candidate relation `/user/ktrueman/default_domain/international_organization/member_states` suggests a connection between an international organization and its member states, which aligns with the context of Bangladesh being a member of the United Nations.

**Predicted Relation:** `/user/ktrueman/default_domain/international_organization/member_states`",/user/ktrueman/default_domain/international_organization/member_states
/m/03gfvsz,/m/01k_mc,/broadcast/content/artist,"**Reasoning:** The Head entity, KYMX, is a commercial radio station, while the Tail entity, Luther Ronzoni Vandross, is a singer-songwriter and record producer. The task is to find a relation that connects a radio station to a music artist. A plausible connection could be that the radio station broadcasts music by the artist. The candidate relation `/broadcast/content/artist` seems to fit this context, as it suggests a relationship where the radio station (content provider) broadcasts or features music by the artist.

**Predicted Relation:** /broadcast/content/artist",/broadcast/content/artist
/m/01hbq0,/m/09c7w0,/people/person/nationality,"**Reasoning:**  
The Head entity, Robert Francis Vaughn, is an American actor, which falls under the category of a person. The Tail entity, the United States of America, is a country. The task is to find a relation that connects a person to a country. Given the context, the most relevant relation would be one that indicates the nationality or origin of the person. The relation `/people/person/nationality` is the most appropriate as it connects a person to their country of nationality.

**Predicted Relation:** `/people/person/nationality`",/people/person/nationality
/m/02z2mr7,/m/089g0h,/film/film/other_crew./film/film_crew_gig/film_crew_role,"**Reasoning:** The Head entity, ""/m/02z2mr7"", represents a film, ""The Loss of a Teardrop Diamond"", which is an independent film directed by Jodie Markell. The Tail entity, ""/m/089g0h"", represents the role of set dressers in film production, who are responsible for arranging objects on a film set. The task is to find a relation that connects a film to an aspect of its production, specifically related to set design or decoration. The most relevant relation from the candidates is one that connects a film to its production design or set design.

**Predicted Relation:** /film/film_set_designer/film_sets_designed",/film/film_set_designer/film_sets_designed
/m/0xhtw,/m/0274ck,/music/genre/artists,"**Reasoning:** The Head entity, /m/0xhtw, represents the hard rock genre, which is a subgenre of rock music. The Tail entity, /m/0274ck, represents Devin Townsend, a musician known for his work in various music genres, including hard rock. The task is to find a relation that connects a music genre to an artist associated with that genre. The most appropriate relation from the list is one that links a music genre to artists who perform or are associated with that genre.

**Predicted Relation:** /music/genre/artists",/music/genre/artists
/m/02zd460,/m/01mkq,/education/educational_institution/students_graduates./education/education/major_field_of_study,"**Reasoning:** The Head entity, ""/m/02zd460,"" represents the University of California, Berkeley, which is an educational institution. The Tail entity, ""/m/01mkq,"" represents the field of computer science, which is a field of study. The task is to find a relation that connects an educational institution to a field of study. The most appropriate relation from the list that connects an educational institution to a field of study is ""/education/educational_institution/students_graduates./education/education/major_field_of_study,"" which indicates the fields of study that students at the institution major in.

**Predicted Relation:** /education/educational_institution/students_graduates./education/education/major_field_of_study",/education/educational_institution/students_graduates./education/education/major_field_of_study
/m/0t6hk,/m/08mbj5d,/common/topic/webpage./common/webpage/category,"**Reasoning:** The Head entity, Lawrence, is a city in Kansas, and the Tail entity is an official website. The task is to find a relation that connects a city to its official website. The most relevant relation in the context of a city and its official website would involve a webpage or online presence. The candidate relations list includes `/common/topic/webpage./common/webpage/category`, which is a relation that connects a topic (in this case, a city) to its webpage category. This relation is the most appropriate for linking a city to its official website.

**Predicted Relation:** `/common/topic/webpage./common/webpage/category`",/common/topic/webpage./common/webpage/category
/m/024tv_,/m/08mbj5d,/common/topic/webpage./common/webpage/category,"**Reasoning:** The Head entity, ""Pakistan People's Party,"" is a political party, and the Tail entity, ""official website,"" refers to a website that provides valid and direct information about a topic, typically representing an organization or entity on the internet. The task is to find a relation that connects a political party to its official website. The most relevant relation from the list of candidates would involve a connection between an organization and its online presence or webpage.

**Predicted Relation:** `/common/topic/webpage./common/webpage/category`",/common/topic/webpage./common/webpage/category
/m/014mlp,/m/052nd,/education/educational_degree/people_with_this_degree./education/education/institution,"**Reasoning:** The Head entity is a Bachelor of Arts degree, which is an educational degree, and the Tail entity is McGill University, which is an educational institution. The task is to find a relation that connects a degree to an educational institution. The most relevant relation from the list that connects a degree to an institution is `/education/educational_degree/people_with_this_degree./education/education/institution`, which indicates the institution where the degree is offered or conferred.

**Predicted Relation:** `/education/educational_degree/people_with_this_degree./education/education/institution`",/education/educational_degree/people_with_this_degree./education/education/institution
/m/071t0,/m/0jgx,/olympics/olympic_sport/athletes./olympics/olympic_athlete_affiliation/country,"**Reasoning:** The Head entity, ""/m/071t0"", represents a shooting sport, which is a type of sport. The Tail entity, ""/m/0jgx"", represents Armenia, a country. The task is to find a relation that connects a sport to a country. The most relevant relation from the candidates would involve sports and countries, possibly indicating where the sport is practiced or popular. The relation ""/olympics/olympic_games/participating_countries"" suggests a connection between sports and countries, specifically in the context of the Olympics, which aligns with the idea of shooting sports being part of international competitions like the Olympics.

**Predicted Relation:** /olympics/olympic_games/participating_countries",/olympics/olympic_games/participating_countries
/m/032clf,/m/02vzc,/film/film/release_date_s./film/film_regional_release_date/film_release_region,"**Reasoning:** The Head entity, ""/m/032clf,"" represents the film ""Dirty Dancing,"" while the Tail entity, ""/m/02vzc,"" represents the country ""Finland."" The task is to find a relation that connects a film to a country. Given the context, a plausible connection could be related to the film's distribution or release in a specific region. The most relevant relation from the candidates that connects a film to a country is ""/film/film/distributors./film/film_film_distributor_relationship/region,"" which indicates the region where the film was distributed.

**Predicted Relation:** /film/film/distributors./film/film_film_distributor_relationship/region",/film/film/distributors./film/film_film_distributor_relationship/region
/m/05q7874,/m/02h40lc,/film/film/language,"**Reasoning:** The Head entity, ""/m/05q7874"", represents the film ""The Runaways,"" which is a 2010 American drama film. The Tail entity, ""/m/02h40lc"", represents the English language. The task is to find a relation that connects a film to a language. In the context of films, the language typically refers to the language in which the film is produced or released. Therefore, the most appropriate relation would be one that connects a film to its language.

**Predicted Relation:** /film/film/language",/film/film/language
/m/01wbg84,/m/024hbv,/award/award_nominee/award_nominations./award/award_nomination/nominated_for,"**Reasoning:**  
The Head entity, /m/01wbg84, represents Steve Buscemi, an American actor, director, and writer. The Tail entity, /m/024hbv, represents ""Homicide: Life on the Street,"" a television series. The task is to find the correct relation that connects an actor to a television series they have directed episodes for. Given the context, Steve Buscemi has directed episodes of ""Homicide: Life on the Street."" The most appropriate relation would involve a connection between a person (director) and a TV program they have worked on.

**Predicted Relation:**  
/tv/tv_writer/tv_programs./tv/tv_program_writer_relationship/tv_program",
/m/057_yx,/m/016z5x,/film/actor/film./film/performance/film,"**Reasoning:** The Head entity, Kevin Dunn, is an American actor, and the Tail entity, ""Chaplin,"" is a film. The task is to find the correct relation that connects an actor to a film they have appeared in. Based on the examples provided, the relation that connects an actor to a film they have acted in is typically `/film/actor/film./film/performance/film`. This relation indicates the actor's performance in the film.

**Predicted Relation:** `/film/actor/film./film/performance/film`",/film/actor/film./film/performance/film
/m/02r0csl,/m/05567m,/award/award_category/nominees./award/award_nomination/nominated_for,"**Reasoning:**  
The Head entity is a list of BAFTA Award recipients for Best Makeup and Hair, which is a category of an award. The Tail entity is a film, ""The Mask,"" which is a potential recipient of an award. The task is to find a relation that connects an award category to a film that has won or been nominated for that category. The most relevant relation from the candidates is one that connects an award category to its winners or nominees. Given the context, the relation should reflect the connection between the award category and the film that has been recognized in that category.

**Predicted Relation:** /award/award_category/winners./award/award_honor/award_winner",/award/award_category/winners./award/award_honor/award_winner
/m/013b6_,/m/0jcx,/people/ethnicity/people,"**Reasoning:** The Head entity, Ashkenazi Jews, is a Jewish ethnic division, while the Tail entity, Albert Einstein, is a German-born theoretical physicist. The connection between these two entities is likely based on ethnicity, as Albert Einstein was of Ashkenazi Jewish descent. Therefore, the relation should reflect a connection between a person and their ethnic background.

**Predicted Relation:** /people/ethnicity/people",/people/ethnicity/people
/m/012d40,/m/05zr6wv,/award/award_nominee/award_nominations./award/award_nomination/award,"**Reasoning:** The Head entity, Jackie Chan, is a well-known actor and entertainer, while the Tail entity refers to the MTV Movie Award category for Best On-Screen Duo. The task is to find a relation that connects an actor to an award category. Based on the context, Jackie Chan, as an actor, could be nominated for or win an award in the category of Best On-Screen Duo. The most relevant relation from the candidates that connects an actor to an award category is the one that involves award nominations or wins.

**Predicted Relation:** /award/award_nominee/award_nominations./award/award_nomination/nominated_for",/award/award_nominee/award_nominations./award/award_nomination/nominated_for
/m/02dpl9,/m/05qhw,/film/film/release_date_s./film/film_regional_release_date/film_release_region,"**Reasoning:** The Head entity, ""/m/02dpl9"", represents a film, ""The City of Lost Children"", while the Tail entity, ""/m/05qhw"", represents a country, ""Poland"". The task is to find a relation that connects a film to a country. In the context provided, there is no direct structural path between the film and the country, but a plausible connection could be through the film's distribution or production aspects. The relation that best fits this context is one that associates a film with a country, possibly through distribution or production.

**Predicted Relation:** /film/film/country",/film/film/country
/m/018gqj,/m/02gdjb,/award/award_nominee/award_nominations./award/award_nomination/award,"**Reasoning:** The Head entity, Burt Freeman Bacharach, is a renowned American singer-songwriter and composer, known for his contributions to music, including winning Grammy Awards. The Tail entity is the Grammy Award for Best Pop Instrumental Performance, which is a specific category of the Grammy Awards. The task is to find a relation that connects a person (Burt Bacharach) to an award category (Grammy Award for Best Pop Instrumental Performance). The most appropriate relation would involve awards won by a person or nominations for a person in a specific award category.

**Predicted Relation:** /award/award_winner/awards_won./award/award_honor/award_winner",/award/award_winner/awards_won./award/award_honor/award_winner
/m/057176,/m/05p1qyh,/film/actor/film./film/performance/film,"**Reasoning:** The Head entity, Jesse Adam Eisenberg, is an actor, and the Tail entity, Zombieland, is a film. The task is to find the correct relation that connects an actor to a film they have acted in. Based on the examples provided, the relation that typically connects an actor to a film they have performed in is `/film/actor/film./film/performance/film`. This relation indicates the actor's participation in the film as part of the cast.

**Predicted Relation:** `/film/actor/film./film/performance/film`",/film/actor/film./film/performance/film
/m/0k5g9,/m/02cqbx,/film/film/costume_design_by,"**Reasoning:** The Head entity, /m/0k5g9, represents the film ""Vertigo,"" which is a 1958 psychological thriller directed by Alfred Hitchcock. The Tail entity, /m/02cqbx, represents Edith Head, an American costume designer known for her work in Hollywood films. The task is to find the correct relation that connects a film to its costume designer. Given the context, the most appropriate relation would be one that links a film to the person responsible for its costume design.

**Predicted Relation:** /film/film/costume_design_by",/film/film/costume_design_by
/m/0kzy0,/m/04ztj,/people/person/spouse_s./people/marriage/type_of_union,"**Reasoning:** The Head entity, Brian Douglas Wilson, is a musician, while the Tail entity, Marriage, is a social institution. The task is to find a relation that connects a person to the concept of marriage. The most relevant relation in the context of a person and marriage would involve the person's marital status or their spouse. The candidate relation `/people/person/spouse_s./people/marriage/type_of_union` is the most appropriate as it directly relates a person to the concept of marriage by specifying the type of union.

**Predicted Relation:** `/people/person/spouse_s./people/marriage/type_of_union`",/people/person/spouse_s./people/marriage/type_of_union
/m/07lp1,/m/0hcvy,/influence/influence_node/influenced_by,"**Reasoning:** The Head entity, Thomas Pynchon, and the Tail entity, Graham Greene, are both notable figures in literature. The context provided for both entities highlights their contributions to the literary world, their notable works, and their influence. Given the nature of the entities, the most appropriate relation would involve a connection that reflects their status as peers or contemporaries in the literary field. The candidate relation `/influence/influence_node/peers./influence/peer_relationship/peers` is suitable as it denotes a peer relationship, which aligns with the context of both being influential authors.

**Predicted Relation:** `/influence/influence_node/peers./influence/peer_relationship/peers`",/influence/influence_node/peers./influence/peer_relationship/peers
/m/010h9y,/m/08mbj5d,/common/topic/webpage./common/webpage/category,"**Reasoning:** The Head entity, Ogden, is a city, and the Tail entity is an official website. The task is to find a relation that connects a city to its official website. The most appropriate relation would involve linking a location or city to a webpage or website. Among the candidate relations, the one that fits this context is `/common/topic/webpage./common/webpage/category`, which is used to associate a topic (in this case, a city) with its webpage or website.

**Predicted Relation:** `/common/topic/webpage./common/webpage/category`",/common/topic/webpage./common/webpage/category
/m/02sch9,/m/03fwln,/people/ethnicity/people,"**Reasoning:** The Head entity, ""Punjabi people,"" represents an ethnic group, while the Tail entity, ""Priyanka Chopra,"" is an individual person. The task is to find a relation that connects an ethnic group to a person. One possible connection is through the concept of ethnicity, where a person can be associated with a particular ethnic group. The relation `/people/ethnicity/people` is a suitable candidate as it connects an ethnicity to the people who belong to or are associated with that ethnicity.

**Predicted Relation:** `/people/ethnicity/people`",/people/ethnicity/people
/m/018vs,/m/01kcms4,/music/performance_role/regular_performances./music/group_membership/group,"**Reasoning:**  
The Head entity is a ""bass guitar,"" which is a musical instrument, and the Tail entity is ""The Steve Miller Band,"" which is a music band. The task is to find a relation that connects a musical instrument to a music band. The most logical connection between a musical instrument and a music band is through the use of the instrument by the band. In this context, the bass guitar is likely used by the band as part of their performances or recordings. Therefore, the relation should reflect the use of the instrument by the band.

**Predicted Relation:** /music/instrument/instrumentalists",/music/instrument/instrumentalists
/m/03dpqd,/m/01g63y,/people/person/spouse_s./people/marriage/type_of_union,"**Reasoning:** The Head entity, Miriam Margolyes, is a person, specifically a British actress and voice artist. The Tail entity, domestic partnership, is a type of legal or interpersonal relationship. The task is to find a relation that connects a person to a type of relationship they might be involved in. The most relevant relation from the list that connects a person to a type of relationship is `/people/person/spouse_s./people/marriage/type_of_union`, which indicates the type of union a person is involved in, such as a domestic partnership.

**Predicted Relation:** /people/person/spouse_s./people/marriage/type_of_union",/people/person/spouse_s./people/marriage/type_of_union
/m/0g768,/m/0h1nt,/music/record_label/artist,"**Reasoning:** The Head entity, Atlantic Records, is a record label, while the Tail entity, Sissy Spacek, is an actress and singer. The task is to find a relation that connects a record label to an artist. Given the context, the most relevant relation would involve the record label having a connection to an artist, possibly through music production or distribution. The candidate relation `/music/record_label/artist` directly connects a record label to an artist, which fits the context of Atlantic Records potentially having a relationship with Sissy Spacek as an artist.

**Predicted Relation:** `/music/record_label/artist`",/music/record_label/artist
/m/027lfrs,/m/03rk0,/people/person/nationality,"**Reasoning:** The Head entity, Om Shivpuri, is an Indian theatre actor-director, which suggests a connection to the arts, specifically theatre and performance. The Tail entity, India, is a country. The task is to find a relation that connects an individual, particularly one involved in theatre, to a country. The most relevant relation from the list that connects a person to a country, considering the context of nationality or origin, is `/people/person/nationality`. This relation indicates the country of nationality for a person, which fits the context of Om Shivpuri being an Indian theatre actor-director.

**Predicted Relation:** /people/person/nationality",/people/person/nationality
/m/0z4_0,/m/03y9p40,/sports/sports_team_location/teams,"**Reasoning:** The Head entity, Norman, is a city in Oklahoma, and the Tail entity, the Oklahoma Sooners men's basketball team, represents a sports team associated with the University of Oklahoma, which is located in Norman. The relationship between a city and a sports team that is based in that city is typically represented by a relation indicating the location of the team. The most appropriate relation from the list that captures this connection is one that associates a sports team with its location.

**Predicted Relation:** /sports/sports_team_location/teams",/sports/sports_team_location/teams
/m/02wgln,/m/0symg,/film/actor/film./film/performance/film,"**Reasoning:** The Head entity, Alfred Molina, is a British actor, and the Tail entity, Dead Man, is a film. The task is to find the correct relation that connects an actor to a film they have acted in. Based on the examples provided, the relation that connects an actor to a film they have acted in is typically `/film/actor/film./film/performance/film`. This relation indicates that the actor has performed in the film, which aligns with the context of Alfred Molina being an actor and Dead Man being a film.

**Predicted Relation:** `/film/actor/film./film/performance/film`",/film/actor/film./film/performance/film
/m/0gj9tn5,/m/02vzc,/film/film/release_date_s./film/film_regional_release_date/film_release_region,"**Reasoning:** The Head entity, ""/m/0gj9tn5,"" represents the film ""Ted,"" while the Tail entity, ""/m/02vzc,"" represents the country ""Finland."" The task is to find a relation that connects a film to a country. Given the context, the most relevant relation would involve the film's distribution or release in a specific region or country. The candidate relation ""/film/film/distributors./film/film_film_distributor_relationship/region"" suggests a connection between a film and the region where it is distributed, which aligns with the context of a film being released or distributed in a specific country.

**Predicted Relation:** /film/film/distributors./film/film_film_distributor_relationship/region",/film/film/distributors./film/film_film_distributor_relationship/region
/m/050z2,/m/09jwl,/people/person/profession,"**Reasoning:**  
The Head entity, /m/050z2, represents Mike Oldfield, an English musician and composer. The Tail entity, /m/09jwl, represents the general concept of a musician. The task is to find a relation that connects a specific musician to the general concept of a musician. The most appropriate relation from the list that connects a person to their profession is `/people/person/profession`. This relation is used to indicate the profession of a person, which in this case is a musician.

**Predicted Relation:** /people/person/profession",/people/person/profession
/m/013807,/m/04ktcgn,/education/educational_institution/students_graduates./education/education/student,"**Reasoning:** The Head entity, San Francisco State University, is an educational institution, while the Tail entity, Christopher Boyes, is a sound designer. The task is to find a relation that connects an educational institution to a person, potentially through a professional or academic context. Given the context, the most relevant relation would involve the educational institution's students or graduates, as Christopher Boyes might have studied or graduated from San Francisco State University.

**Predicted Relation:** /education/educational_institution/students_graduates./education/education/student",/education/educational_institution/students_graduates./education/education/student
/m/077g7n,/m/05fjy,/government/legislative_session/members./government/government_position_held/district_represented,"**Reasoning:**  
The Head entity, ""/m/077g7n,"" represents the 113th United States Congress, which is a legislative body. The Tail entity, ""/m/05fjy,"" represents the state of New Mexico. The task is to find a relation that connects a legislative body to a state. In the context of the United States, legislative bodies like Congress have members who represent different states. Therefore, the most appropriate relation would involve members of the legislative body and the states they represent. The relation that best fits this context is one that connects legislative sessions to the districts or states represented by their members.

**Predicted Relation:** /government/legislative_session/members./government/government_position_held/district_represented",/government/legislative_session/members./government/government_position_held/district_represented
/m/0d9xq,/m/08mbj5d,/common/topic/webpage./common/webpage/category,"**Reasoning:** The Head entity, Ella Fitzgerald, is a person, specifically a renowned jazz vocalist. The Tail entity is an ""official website,"" which is a type of webpage that provides valid and direct information about a topic. The task is to find a relation that connects a person to their official website. The most relevant relation from the list that connects a person to a webpage or website is `/common/topic/webpage./common/webpage/category`, which indicates a webpage associated with a topic, in this case, Ella Fitzgerald.

**Predicted Relation:** `/common/topic/webpage./common/webpage/category`",/common/topic/webpage./common/webpage/category
/m/07vyf,/m/035tlh,/education/university/fraternities_and_sororities,"**Reasoning:** The Head entity, ""The University of Arizona,"" is an educational institution, while the Tail entity, ""Alpha Sigma Phi Fraternity and Foundation,"" is a fraternity. The task is to find a relation that connects an educational institution with a fraternity. Fraternities and sororities are often associated with universities as part of their student life and extracurricular activities. The most relevant relation from the list that connects a university with fraternities and sororities is `/education/university/fraternities_and_sororities`.

**Predicted Relation:** /education/university/fraternities_and_sororities",/education/university/fraternities_and_sororities
/m/0cbgl,/m/01v_0b,/influence/influence_node/influenced_by,"**Reasoning:** The Head entity, David Foster Wallace, and the Tail entity, Cormac McCarthy, are both prominent American novelists. The context provided highlights their achievements and contributions to literature, suggesting a connection based on their professional domain. Given the nature of the entities, the most relevant relationship would likely pertain to their influence or peer relationship within the literary field. The candidate relations list includes `/influence/influence_node/peers./influence/peer_relationship/peers`, which aligns with the idea of them being peers or having a professional connection in the literary world.

**Predicted Relation:** `/influence/influence_node/peers./influence/peer_relationship/peers`",/influence/influence_node/peers./influence/peer_relationship/peers
