Head,Relation,Tail,Model_Raw_Output,Parsed_Prediction
04379243,_has_part,04381994,"**Reasoning:** The semantic relationship between ""table"" (04379243) and ""tableware"" (04381994) does not involve shared linguistic roots or derivational forms, as they are distinct concepts with different functions and uses. ""Table"" refers to a piece of furniture, while ""tableware"" refers to articles used at the table, such as dishes and silverware. There is no direct path or hierarchical relationship indicating that one is a type or instance of the other. The relationship is not one of group membership or taxonomy, as ""tableware"" is not a member of ""table"" nor vice versa. The most fitting relation is likely based on the functional association between the two, where tableware is used on a table.

**Predicted Relation:** _has_part", _has_part
07705931,_hypernym,13134947,"**Reasoning:** The Head and Tail both describe types of fruit, with the Head being an edible fruit with sweet flesh and the Tail being a ripened reproductive body of a seed plant. The definitions suggest a general ""Is-A"" relationship between the two, where the Head is a specific type of fruit and the Tail is a broader category of fruit. This aligns with the use of `_hypernym`, which is used for ""Is-A"" type relationships, indicating that the Head is a specific instance of the broader category described by the Tail.

**Predicted Relation:** _hypernym", _hypernym
01548301,_hypernym,01547832,"**Reasoning:** The head term ""tyrannus tyrannus"" refers to a specific species of bird, the Eastern Kingbird, which is a type of tyrant flycatcher. The tail term ""tyrant flycatcher"" refers to a broader category or family of birds that includes the Eastern Kingbird. This relationship is best described as a taxonomic hierarchy where the Eastern Kingbird is a member of the tyrant flycatcher family. Therefore, the correct relation is a member of a group, specifically in biological taxonomy.

**Predicted Relation:** _member_meronym", _member_meronym
02909870,_hypernym,04531098,"**Reasoning:** The head term ""pail"" (02909870) is defined as a type of vessel, specifically a roughly cylindrical vessel that is open at the top. The tail term ""vessel"" (04531098) is a more general term for an object used as a container, especially for liquids. The relationship between ""pail"" and ""vessel"" is a classic example of a hypernym relationship, where a pail is a specific type of vessel. There is no indication of shared linguistic roots or group membership that would suggest a derivational or meronym relationship. Therefore, the most precise relation ID is the one that indicates a ""type of"" relationship.

**Predicted Relation:** _hypernym", _hypernym
04433585,_hypernym,02886599,"**Reasoning:** The head term ""tie"" refers to a component used in railway infrastructure, specifically as a cross brace supporting rails, while the tail term ""bracing"" refers to a structural member used to stiffen a framework. Both terms describe structural components that provide support and stability, but they are used in different contexts: one in railway construction and the other in general structural frameworks. There is no indication that they share the same linguistic root, nor are they members of a specific group or family. The relationship between them is more about their functional similarity as supportive structures rather than a direct hierarchical or derivational connection.

**Predicted Relation:** _also_see", _also_see
12969670,_hypernym,12969131,"**Reasoning:** The head term ""star earthball"" and the tail term ""puffball"" both refer to types of fungi. The star earthball is a specific type of earthball, while puffball refers to fungi of the genus Scleroderma. The relationship between these two terms is best described as a hypernym relationship, where ""puffball"" is a broader category that includes various fungi, potentially including the star earthball as a specific type. There is no indication of shared linguistic roots or derivational forms, nor is there a named entity involved that would require an instance hypernym. The relationship is not about group membership in terms of taxonomy, but rather about classification within a broader category.

**Predicted Relation:** _hypernym", _hypernym
03049457,_has_part,04190052,"**Reasoning:** The head term ""closet"" (a small private room for study or prayer) and the tail term ""shelf"" (a support that consists of a horizontal surface for holding objects) do not share the same linguistic root, so they are not derivationally related. They are not instances of named entities, so `_instance_hypernym` is not applicable. The relationship between a closet and a shelf is not one of group membership, so `_member_meronym` is not suitable. The most appropriate relationship is that a closet can contain a shelf, indicating a part-whole relationship. Therefore, the relation is best described as `_has_part`.

**Predicted Relation:** _has_part", _has_part
10498046,_derivationally_related_form,01889129,"**Reasoning:** The head term ""trembler"" and the tail term ""quiver"" both relate to the concept of shaking or trembling, but they are different parts of speech. ""Trembler"" is a noun referring to someone who trembles, while ""quiver"" is a verb describing the action of shaking. They share a similar semantic field related to trembling or shaking, but they do not share the same linguistic root. Therefore, the most appropriate relation is not based on derivation but rather on their semantic similarity.

**Predicted Relation:** _similar_to", _similar_to
09960688,_hypernym,09878275,"**Reasoning:** The head term ""contractor"" and the tail term ""constructor"" both refer to individuals involved in the construction process, with the contractor typically being responsible for the overall project and the constructor focusing on the supervision of the building process. Both terms share a similar semantic field related to construction but do not share the same linguistic root or derivational form. The relationship between them is more about their roles within the construction industry rather than a derivational or hierarchical relationship. Therefore, the most appropriate relation is one that captures their similarity in function and context.

**Predicted Relation:** _similar_to", _similar_to
01665541,_hypernym,01663401,"**Reasoning:** The head term ""leathery turtle"" and the tail term ""sea turtle"" both describe types of turtles, with the leathery turtle being a specific type of sea turtle. The relationship between them is an ""Is-A"" type, where the leathery turtle is a specific kind of sea turtle. This aligns with the definition of a hypernym relationship, where one term is a more general category that includes the other term as a specific instance or type.

**Predicted Relation:** _hypernym", _hypernym
12202936,_hypernym,13104059,"**Reasoning:** The head term ""linden tree"" refers to a specific type of tree within the genus Tilia, while the tail term ""tree"" is a broader category encompassing all tall perennial woody plants. The relationship between these two terms is hierarchical, where ""linden tree"" is a specific type of ""tree."" This fits the ""Is-A"" type relationship, which is best represented by the `_hypernym` relation. There is no indication of shared linguistic roots or group membership that would suggest using derivational or meronym relations.

**Predicted Relation:** _hypernym", _hypernym
10024362,_hypernym,00007846,"**Reasoning:** The head term ""spouse equivalent"" refers to a person with whom one cohabits and shares a long-term sexual relationship, while the tail term ""soul"" refers to a human being. These terms do not share a linguistic root, nor do they represent a group membership or a named entity. The relationship between them is more abstract and conceptual, as both terms relate to aspects of human relationships and identity. The most fitting relation is likely to be a general ""Is-A"" type, as both terms can be considered types of human-related concepts.

**Predicted Relation:** _hypernym", _hypernym
03820318,_hypernym,03442756,"**Reasoning:** The head term ""net"" and the tail term ""goal"" both refer to sports equipment used in games like soccer or hockey. The definitions provided indicate that a ""net"" is part of the structure of a ""goal,"" specifically the netting that lines the goal. This suggests a part-whole relationship where the net is a component of the goal structure. Therefore, the most precise relation ID that captures this part-whole relationship is `_has_part`, as the net is a part of the goal.

**Predicted Relation:** _has_part", _has_part
07560903,_hypernym,07560652,"**Reasoning:**  
The head term ""diet"" refers to the usual food and drink consumed by an organism, while the tail term ""fare"" refers to the food and drink that are regularly served or consumed. Both terms describe types of food consumption, but they do not share the same linguistic root, so they are not derivationally related. Additionally, they are not specific named entities, so the instance hypernym is not applicable. The relationship between ""diet"" and ""fare"" is more about categorization, where ""fare"" can be considered a type of ""diet"" in the sense that it is a specific kind of food consumption pattern. Therefore, the most appropriate relation is a general class or ""Is-A"" type relationship.

**Predicted Relation:** _hypernym", _hypernym
12321395,_hypernym,12320010,"**Reasoning:** The head term ""king nut hickory"" is a specific type of hickory tree, while the tail term ""hickory tree"" is a more general category that includes various types of hickory trees, including the king nut hickory. This relationship is best described as a ""type of"" relationship, where the head is a specific instance of the broader category represented by the tail. Therefore, the appropriate relation is ""_hypernym,"" which is used for ""Is-A"" type relationships.

**Predicted Relation:** _hypernym", _hypernym
07619881,_hypernym,07566340,"**Reasoning:** The head term ""tapioca"" is a specific type of food ingredient derived from cassava starch, used primarily in puddings, while the tail term ""foodstuff"" is a more general term that refers to any substance that can be used or prepared for use as food, including potatoes. The relationship between these two terms is best described as a ""type of"" relationship, where tapioca is a type of foodstuff. This aligns with the definition of a hypernym relationship, where one term is a more general category that includes the other term as a specific instance.

**Predicted Relation:** _hypernym", _hypernym
12166128,_hypernym,12157769,"**Reasoning:** The head term ""lagenaria siceraria"" is a specific type of plant known for its bottle-shaped gourds, and it belongs to the broader category of ""gourd vine,"" which is any vine of the family Cucurbitaceae that bears fruits with hard rinds. This indicates a taxonomic relationship where ""lagenaria siceraria"" is a specific instance of a ""gourd vine."" According to the guidelines, this is an ""Is-A"" type relationship, which aligns with the use of `_hypernym` for general classes. The head is a specific type of the tail, which is a more general category.

**Predicted Relation:** _hypernym", _hypernym
02023992,_derivationally_related_form,03386011,"**Reasoning:** The context provided describes two distinct entities: the killdeer plover (a type of bird) and a fortress (a defensive structure). The definitions and image analyses suggest that the killdeer plover gathers together for protection, similar to how a fortress provides defense. However, these two entities do not share a linguistic root, nor are they members of the same group or taxonomy. The relationship between them is more conceptual, focusing on the idea of protection and defense. Given the lack of direct linguistic or taxonomic connection, the most appropriate relation is one that suggests a conceptual similarity.

**Predicted Relation:** _also_see", _also_see
10583387,_hypernym,10314952,"**Reasoning:** The head term ""settler"" and the tail term ""migrator"" both describe individuals who move to new locations, but they do not share the same linguistic root, so they are not derivationally related. The relationship between them is more about the type of activity they are involved in, which is moving or settling in new areas. ""Settler"" is a specific type of ""migrator,"" as settlers are a subset of migrators who establish new homes in new areas. This fits the ""Is-A"" type relationship, where a settler is a type of migrator.

**Predicted Relation:** _hypernym", _hypernym
11879722,_hypernym,11878283,"**Reasoning:** The head term ""rape"" and the tail term ""mustard"" both refer to plants within the genus Brassica, which are part of the cruciferous family. The relationship between these two terms is taxonomical, as they are both types of plants within the same genus. This suggests an ""Is-A"" type relationship, where both are types of cruciferous plants. Therefore, the most appropriate relation is a hypernym, as it captures the taxonomic relationship between the two plant types.

**Predicted Relation:** _hypernym", _hypernym
07560903,_derivationally_related_form,10012484,"**Reasoning:** The relationship between ""diet"" and ""nutritionist"" involves the concept of nutrition and dietary habits. A nutritionist is a specialist in the study of nutrition, which directly relates to the concept of diet. The connection is thematic, focusing on the domain of health and nutrition. The relation that best captures this thematic connection is `_synset_domain_topic_of`, which is used to link a concept to its relevant domain or field of study.

**Predicted Relation:** _synset_domain_topic_of", _synset_domain_topic_of
02975212,_hypernym,03094503,"**Reasoning:** The head term ""vitrine"" is defined as a type of glass container used for display purposes, while the tail term ""container"" is a broader category that includes any object used to hold things. The relationship between ""vitrine"" and ""container"" is an ""Is-A"" type relationship, where a vitrine is a specific type of container. This fits the definition of a hypernym relationship, where the tail term is a more general class that includes the head term.

**Predicted Relation:** _hypernym", _hypernym
13194036,_hypernym,13193642,"**Reasoning:** The head term ""marginal wood fern"" is defined as a specific type of North American fern with evergreen fronds, while the tail term ""woodfern"" refers to any of various ferns of the genus Dryopteris. The relationship between these two terms is taxonomic, where ""marginal wood fern"" is a specific type of ""woodfern."" This fits the ""Is-A"" type relationship, which is best represented by the `_hypernym` relation. The head term is a specific instance of the broader category described by the tail term.

**Predicted Relation:** _hypernym", _hypernym
03120778,_hypernym,04105893,"**Reasoning:** The head term ""courtroom"" is a specific type of ""room,"" which is the tail term. This relationship is a classic example of a hypernymy, where ""courtroom"" is a specific instance of the more general category ""room."" There is no indication of shared linguistic roots or derivational forms, nor is there a group membership or named entity involved. Therefore, the most appropriate relation is the ""Is-A"" type, which is captured by the hypernym relation.

**Predicted Relation:** _hypernym", _hypernym
08972521,_member_of_domain_region,10525878,"**Reasoning:** The head term ""New Zealand"" is a named entity representing a specific country, while the tail term ""returning officer"" refers to an official role within the electoral process. There is no direct semantic relationship between the two terms in terms of derivation, group membership, or taxonomy. However, ""New Zealand"" as a named entity can be associated with its geographical or political domain. The most appropriate relation in this context is to connect ""New Zealand"" to its domain of relevance, which is the region where the electoral process involving a ""returning officer"" takes place.

**Predicted Relation:** _member_of_domain_region", _member_of_domain_region
03450018,_hypernym,03096960,"**Reasoning:** The head term ""regulator"" and the tail term ""controller"" both refer to mechanisms that control aspects of a machine's operation. The definitions provided indicate that both terms are related to controlling machine functions, with ""regulator"" focusing on maintaining steady speed and ""controller"" on general operation control. The relationship between these terms is best described as an ""Is-A"" type, where both are types of control mechanisms. Therefore, the most appropriate relation is `_hypernym`, which captures the hierarchical relationship between these general classes.

**Predicted Relation:** _hypernym", _hypernym
02460684,_member_meronym,02460817,"**Reasoning:** The head term ""genus cyclopes, only the silky anteater"" and the tail term ""two-toed anteater, squirrel-sized South American toothless anteater with long silky golden fur"" both describe types of anteaters. The head term refers to a genus, while the tail term describes a specific type of anteater within that genus. This suggests a taxonomic relationship where the tail is a member of the genus described by the head. Therefore, the appropriate relation is one that captures the membership of a species within a genus.

**Predicted Relation:** _member_meronym", _member_meronym
00567044,_synset_domain_topic_of,00479887,"**Reasoning:** The head term ""drive"" in the context of sports refers to a hard straight return in tennis or squash, while the tail term ""squash racquets"" refers to the game played in an enclosed court. Both terms are related to sports involving racquets and balls, but they do not share the same linguistic root, nor do they represent a member of a group or a named entity. The relationship between the two is more about the domain of sports, specifically racquet sports. Therefore, the most appropriate relation is one that connects them through their shared domain.

**Predicted Relation:** _synset_domain_topic_of", _synset_domain_topic_of
01643092,_member_meronym,01643255,"**Reasoning:** The head term ""genus eleutherodactylus, completely terrestrial robber frogs"" refers to a genus, while the tail term ""robber frog, small terrestrial frog of tropical America"" refers to a specific type of frog within that genus. In biological taxonomy, a genus is a member of a family, and individual species or types within that genus are members of the genus. Therefore, the relationship between the head and tail is one of group membership, where the tail is a member of the genus described by the head.

**Predicted Relation:** _member_meronym", _member_meronym
01745722,_derivationally_related_form,04004767,"**Reasoning:** The head term ""publish, put into print"" and the tail term ""printer, (computer science) an output device that prints the results of data processing"" are related through the concept of printing. However, they do not share the same linguistic root, so they are not derivationally related forms. The head term refers to the act of publishing or printing, while the tail term refers to a device that performs printing. This suggests a functional relationship rather than a taxonomic or derivational one. The head term is an action, and the tail term is a tool used to perform that action. Therefore, the most appropriate relation is one that captures the functional or thematic connection between the act of publishing and the device used for printing.

**Predicted Relation:** _also_see", _also_see
03196324,_hypernym,03082979,"**Reasoning:** The head term ""digital computer"" and the tail term ""information processing system"" describe a hierarchical relationship where a digital computer is a specific type of information processing system. This fits the ""Is-A"" type relationship, which is best represented by the `_hypernym` relation. There is no indication of shared linguistic roots or group membership that would suggest a derivational or meronym relationship.

**Predicted Relation:** _hypernym", _hypernym
01190277,_derivationally_related_form,09782167,"**Reasoning:** The head and tail both involve the concept of excessive drinking, with the head being the act of drinking excessively and the tail being a person who habitually drinks excessively. They share the same linguistic root ""souse,"" but differ in parts of speech, with the head being a verb and the tail being a noun. This indicates a derivational relationship between the two.

**Predicted Relation:** _derivationally_related_form", _derivationally_related_form
02064608,_member_meronym,02065407,"**Reasoning:** The head term ""02064608"" refers to the genus Balaenoptera, which is the type genus of the Balaenopteridae family. The tail term ""02065407"" refers to a specific type of whale, the piked whale, which is a member of the Balaenopteridae family. The relationship between a genus and a specific type of whale within that family is best described as a member of a group, specifically in biological taxonomy. Therefore, the appropriate relation is a member meronym, as the genus Balaenoptera is a member of the Balaenopteridae family.

**Predicted Relation:** _member_meronym", _member_meronym
06295235,_member_of_domain_usage,03688192,"**Reasoning:** The head term ""plural form"" refers to a grammatical concept related to the form of words, while the tail term ""long johns"" refers to a type of clothing. There is no direct morphological or taxonomical relationship between these two terms. They do not share a linguistic root, nor do they belong to the same category or group. The terms are not derivationally related, and there is no indication of a hypernym or meronym relationship. Given the context, the most appropriate relation is likely to be a domain-related one, as ""plural form"" is a concept within the domain of language/grammar.

**Predicted Relation:** _member_of_domain_topic_of", _member_of_domain_topic_of
03804744,_has_part,03501288,"**Reasoning:** The head term ""nail"" (03804744) and the tail term ""head"" (03501288) describe parts of a nail. The head of a nail is a specific component of the nail itself. This relationship is best described as a part-whole relationship, where the ""head"" is a part of the ""nail."" Therefore, the most appropriate relation ID is one that captures this part-whole relationship.

**Predicted Relation:** _has_part", _has_part
10012484,_derivationally_related_form,07560903,"**Reasoning:** The head term ""nutritionist"" refers to a specialist in the study of nutrition, while the tail term ""diet"" refers to the usual food and drink consumed by an organism. The relationship between these two terms is not based on shared linguistic roots, so it is not derivational. It is also not a member of a group or family, so it is not a meronym. The relationship is more about the domain or field of study, where a nutritionist is an expert in the domain of diet and nutrition. Therefore, the most appropriate relation is one that connects a specialist to their field of expertise.

**Predicted Relation:** _synset_domain_topic_of", _synset_domain_topic_of
10404426,_hypernym,10703692,"**Reasoning:** The head term ""passer"" refers to a student who has successfully passed an examination, while the tail term ""testee"" refers to someone who is being tested. Both terms are related to the context of examinations and academic assessments. However, they do not share the same linguistic root, so they are not derivationally related forms. The relationship between ""passer"" and ""testee"" is more about their roles in the context of examinations rather than a hierarchical or membership relationship. Therefore, the most appropriate relation is a general class relationship, where both terms are types of individuals involved in the examination process.

**Predicted Relation:** _hypernym", _hypernym
08860123,_member_of_domain_region,10525878,"**Reasoning:** The Head (08860123) refers to the United Kingdom, a geographical and political entity, while the Tail (10525878) refers to a returning officer, a role within the electoral process. There is no direct derivational relationship between the two, as they do not share a linguistic root. The relationship is not one of group membership or taxonomy, as the returning officer is not a member of the United Kingdom in the sense of a biological or organizational group. The returning officer is a role within the domain of electoral processes, which is a specific topic or field. Therefore, the most precise relation is one that connects the concept of the United Kingdom to the domain of electoral processes.

**Predicted Relation:** _member_of_domain_topic_of", _member_of_domain_topic_of
03089121,_derivationally_related_form,02475078,"**Reasoning:** The head term ""neanderthalian"" is an adjective relating to or resembling Neanderthal man, while the tail term ""neanderthal man"" refers to the extinct human species itself. The relationship between these two terms is not based on shared linguistic roots or derivational forms, as they do not share the same root but rather describe related concepts. The head term is an adjective describing characteristics or resemblance, while the tail term is a noun referring to the species. This relationship is best captured by the ""_also_see"" relation, which is used for terms that are related in meaning or concept but do not fit into the other specific relation categories provided.

**Predicted Relation:** _also_see", _also_see
07763290,_hypernym,07705931,"**Reasoning:** The head term ""spanish lime"" is a specific type of fruit, while the tail term ""edible fruit"" is a broader category encompassing all fruits that are edible. The relationship between these two terms is best described as an ""Is-A"" relationship, where the spanish lime is a type of edible fruit. This aligns with the use of the `_hypernym` relation, which is used for general classes and ""Is-A"" type relationships.

**Predicted Relation:** _hypernym", _hypernym
12195965,_member_meronym,12196129,"**Reasoning:** The head term ""genus Brachychiton"" refers to a group of trees, while the tail term ""bottle tree"" is a specific type of tree within this genus. This indicates a taxonomic relationship where the bottle tree is a type of tree that belongs to the genus Brachychiton. In taxonomy, when a specific type (species or similar) belongs to a broader category (genus), the appropriate relation is ""_hypernym"" because the bottle tree is a type of Brachychiton tree.

**Predicted Relation:** _hypernym", _hypernym
02873623,_hypernym,02944826,"**Reasoning:** The head term ""boot camp"" refers to a camp for training military recruits, while the tail term ""encampment"" refers to temporary living quarters built by the army for soldiers. The relationship between these two terms is best described as a general class or ""Is-A"" type relationship, where a boot camp is a specific type of encampment. This aligns with the definition of a hypernym, which is used for general classes. There is no indication of shared linguistic roots or group membership that would suggest a derivational or meronym relationship.

**Predicted Relation:** _hypernym", _hypernym
12406715,_hypernym,12405714,"**Reasoning:** The head term ""ulmus carpinifolia"" refers to a specific type of elm tree, while the tail term ""elm tree"" refers to any tree of the genus Ulmus. The relationship between these two is a taxonomic one, where ""ulmus carpinifolia"" is a specific type of ""elm tree."" This fits the ""Is-A"" type relationship, which is best represented by the `_hypernym` relation. The head is a specific instance of the broader category described by the tail.

**Predicted Relation:** _hypernym", _hypernym
00509039,_synset_domain_topic_of,03082979,"**Reasoning:** The head term ""compatible"" describes a characteristic of being able to connect or be used with other devices without modification, while the tail term ""information processing system"" refers to a machine that performs calculations automatically. There is no indication of shared linguistic roots, derivational forms, or group membership between these terms. The relationship between the two is more about the functional capability of the charging hub (head) to connect with an information processing system (tail) as a type of device it can support. This suggests a general class relationship, where the charging hub is a type of device that can connect to an information processing system. Therefore, the most appropriate relation is ""_hypernym,"" as it captures the ""is-a"" type relationship between the charging hub and the information processing system.

**Predicted Relation:** _hypernym", _hypernym
01884348,_member_meronym,01884476,"**Reasoning:**  
The head term ""01884348"" refers to ""thylacinus, Tasmanian wolf,"" and the tail term ""01884476"" refers to ""thylacinus cynocephalus, rare doglike carnivorous marsupial of Tasmania."" Both terms describe the same species, the thylacine, with the head term being a more general reference to the species and the tail term providing the specific scientific name. The relationship between these two terms is one of a general class to a specific instance, where ""thylacinus cynocephalus"" is an instance of the broader category ""thylacinus."" This fits the criteria for an ""_instance_hypernym"" relationship, which is used for named entities connecting to their category.

**Predicted Relation:** _instance_hypernym", _instance_hypernym
02579447,_derivationally_related_form,10419047,"**Reasoning:** The head term ""vitiate"" and the tail term ""pervert"" do not share the same linguistic root, so they are not derivationally related. The head term refers to corrupting morally, while the tail term refers to a person whose behavior deviates from what is acceptable, especially in sexual behavior. There is no indication of a group membership or a named entity, so meronym and instance hypernym relations are not applicable. The relationship between the two terms is more about a general class of moral corruption and deviant behavior, which suggests a broader ""Is-A"" type relationship. Therefore, the most appropriate relation is a hypernym, as ""pervert"" can be seen as a type of morally corrupt behavior.

**Predicted Relation:** _hypernym", _hypernym
01551871,_derivationally_related_form,10566072,"**Reasoning:** The Head term ""sculpture, shape (a material like stone or wood) by whittling away at it"" and the Tail term ""statue maker, an artist who creates sculptures"" both pertain to the act of creating sculptures. The Head term describes the action of sculpting, while the Tail term describes the person who performs this action. They share a common theme related to sculpture but do not share the same linguistic root, nor do they represent a member of a group or a named entity. The relationship is best described as a general class connection, where the Tail is a type of artist involved in the activity described by the Head.

**Predicted Relation:** _hypernym", _hypernym
02708224,_hypernym,03082979,"**Reasoning:** The head term ""analogue computer"" and the tail term ""information processing system"" both describe types of computers, but they do not share the same linguistic root, nor are they derivationally related forms. The relationship between them is more of a general class or category, where an analogue computer is a type of information processing system. This fits the ""Is-A"" type relationship, which is best described by the `_hypernym` relation. There is no indication of group membership or named entity status, so other relation types like `_member_meronym` or `_instance_hypernym` are not applicable.

**Predicted Relation:** _hypernym", _hypernym
02895154,_hypernym,02740764,"**Reasoning:** The head term ""egis"" is defined as an armor plate that protects the chest, specifically the front part of a cuirass, while the tail term ""plate armour"" refers to specially hardened steel plate used for protection. Both terms fall under the category of armor, with ""egis"" being a specific type of armor plate and ""plate armour"" being a broader category that includes various types of protective plates. This indicates an ""Is-A"" relationship, where an ""egis"" is a type of ""plate armour."" Therefore, the most appropriate relation is a hypernym relationship, as ""egis"" is a specific instance of the broader category ""plate armour.""

**Predicted Relation:** _hypernym", _hypernym
04029734,_hypernym,04421872,"**Reasoning:** The head term ""pyrometer"" is a specific type of thermometer designed to measure high temperatures. The tail term ""thermometer"" is a general category of instruments used for measuring temperature. The relationship between the two is a classic ""Is-A"" relationship, where a pyrometer is a type of thermometer. This fits the definition of a hypernym relationship, where one term is a more specific instance of the other.

**Predicted Relation:** _hypernym", _hypernym
